SeriesName,SeasonNumber,EpisodeNumber,EpisodeTitle,AirDate
the bear,4,0,,
the wire,1,14,last stand,2002-08-17
game of thrones,5,5,pilot,2013-02-18
the wire,2,3,redemption,2003-04-07
,4,11,final chapter,2016-05-21
the bear,5,11,breaking point,2014-08-21
dark,abc,9,final chapter,2014-01-15
chernobyl,5,6,no way out,2017-11-23
breaking bad,4,6,fallout,2011-09-27
better call saul,two,11,the return,2011-06-19
sopranos,5,2,the return,2019-09-23
chernobyl,3,2,breaking point,2004-03-03
game of thrones,5,5,pilot,unknown
dark,2,15,the beginning,2014-05-13
stranger things,abc,5,last stand,2006-02-19
game of thrones,two,7,the return,2005-12-09
severance,2,5,new dawn,2014-08-27
the wire,4,15,reckoning,2009-03-07
dark,3,15,end game,2016-09-03
breaking bad,--2,6,final chapter,2005-02-26
severance,3.5,3,fallout,2020-03-23
the wire,two,12,new dawn,2009-02-26
the wire,2,3,redemption,unknown
the wire,2,15,rising sun,2016-04-03
better call saul,1,8,aftermath,2009-01-11
chernobyl,4,5,crossroads,2009-01-23
the bear,abc,1,redemption,2006-09-21
the wire,1,14,aftermath,2004-11-25
breaking bad,3,12,the descent,unknown
,3,3,rising sun,2003-04-15
better call saul,2,1,rising sun,2000-07-09
the wire,4,15,last stand,2017-05-24
stranger things,4,11,redemption,2001-10-26
sopranos,--2,11,reckoning,2004-05-08
severance,2,5,into the dark,2005-02-23
the wire,2,15,the return,2017-09-15
sopranos,5,2,the return,unknown
chernobyl,5,6,no way out,unknown
the bear,2,5,the return,2015-09-28
dark,5,0,,
breaking bad,3,9,pilot,2009-07-15
stranger things,4,10,the return,2021-03-03
breaking bad,3.5,11,crossroads,2006-03-05
chernobyl,2,0,,
dark,4,4,the return,2005-03-01
sopranos,4,7,redemption,2018-04-01
stranger things,5,6,end game,2021-03-27
sopranos,4,9,the descent,2001-08-01
severance,5,15,last stand,2013-07-31
breaking bad,one,6,redemption,2005-11-12
severance,abc,2,crossroads,2005-05-16
severance,two,7,crossroads,2021-05-27
better call saul,2,1,rising sun,2000-07-09
the bear,4,4,redemption,2016-03-13
severance,1,15,final chapter,2003-11-08
the wire,1,9,reckoning,2020-05-06
severance,1,6,fallout,2004-11-03
stranger things,4,11,redemption,2001-10-26
stranger things,3,12,no way out,2020-09-06
sopranos,4,7,redemption,unknown
,1,13,new dawn,2012-09-16
dark,4,0,,
breaking bad,3,4,the descent,2008-12-13
dark,1,2,rising sun,unknown
severance,two,1,rising sun,2007-05-25
better call saul,two,3,into the dark,2001-04-16
stranger things,3,12,no way out,2020-09-06
breaking bad,3,12,the descent,2017-04-15
sopranos,4,9,fallout,2020-11-08
chernobyl,4,5,crossroads,2009-01-23
the bear,5,4,breaking point,2018-06-11
severance,1,6,fallout,2004-11-03
stranger things,4,10,the return,2021-03-03
,4,12,end game,2019-08-28
stranger things,3.5,10,the beginning,2008-11-28
dark,1,3,reckoning,2013-11-05
,1,4,the descent,2020-07-24
chernobyl,3,15,crossroads,2001-10-24
chernobyl,3,2,breaking point,unknown
the wire,1,9,the truth,2006-03-06
dark,1,3,reckoning,2013-11-05
severance,abc,14,the descent,2004-02-13
the bear,5,11,into the dark,2004-05-12
sopranos,two,1,rising sun,2011-04-02
the bear,2,5,the descent,2015-03-19
chernobyl,2,13,end game,2005-08-19
breaking bad,4,6,fallout,2011-09-27
the bear,5,0,,
dark,3,15,last stand,2007-09-30
dark,5,11,crossroads,2002-01-05
breaking bad,2,12,fallout,unknown
the bear,one,13,reckoning,2004-06-28
dark,2,3,into the dark,2014-10-25
breaking bad,one,13,reckoning,2001-09-11
severance,5,15,last stand,2013-07-31
severance,1,15,into the dark,2009-06-11
dark,2,15,the beginning,2014-05-13
breaking bad,3,4,the descent,unknown
dark,1,2,rising sun,2003-03-22
breaking bad,2,12,fallout,2013-08-21